{
    "compileType": "miniprogram",
    "setting": {
        "coverView": true,
        "es6": true,
        "postcss": true,
        "minified": true,
        "enhance": true,
        "showShadowRootInWxmlPanel": true,
        "packNpmRelationList": [],
        "babelSetting": {
            "ignore": [],
            "disablePlugins": [],
            "outputPath": ""
        },
        "ignoreUploadUnusedFiles": true,
        "minifyWXML": false
    },
    "condition": {},
    "editorSetting": {
        "tabIndent": "insertSpaces",
        "tabSize": 4
    },
    "packOptions": {
        "ignore": [],
        "include": []
    },
    "appid": "wx2e253c3c62bcea8b"
}