{
    "description": "项目私有配置文件。此文件中的内容将覆盖 project.config.json 中的相同字段。项目的改动优先同步到此文件中。详见文档：https://developers.weixin.qq.com/miniprogram/dev/devtools/projectconfig.html",
    "projectname": "wx2e253c3c62bcea8b",
    "setting": {
        "compileHotReLoad": true,
        "urlCheck": true
    },
    "libVersion": "3.3.5",
    "condition": {
        "miniprogram": {
            "list": [
                {
                    "name": "pages/new_home/index",
                    "pathName": "pages/login/index",
                    "query": "",
                    "launchMode": "default",
                    "scene": null
                },
                {
                    "name": "pages/login/index",
                    "pathName": "pages/login/index",
                    "query": "",
                    "launchMode": "default",
                    "scene": null
                }
            ]
        }
    }
}